{
  "holidays": [
    {
      "date": "2024-01-01",
      "name": "New Year's Day"
    },
    {
      "date": "2024-02-16",
      "name": "Independence Day"
    },
    {
      "date": "2024-03-11",
      "name": "Restoration of Independence Day"
    },
    {
      "date": "2024-03-31",
      "name": "Easter Sunday"
    },
    {
      "date": "2024-04-01",
      "name": "Easter Monday"
    },
    {
      "date": "2024-05-01",
      "name": "Labour Day"
    },
    {
      "date": "2024-06-24",
      "name": "St. John's Day"
    },
    {
      "date": "2024-07-06",
      "name": "Statehood Day"
    },
    {
      "date": "2024-08-15",
      "name": "Assumption Day"
    },
    {
      "date": "2024-11-01",
      "name": "All Saints' Day"
    },
    {
      "date": "2024-12-24",
      "name": "Christmas Eve"
    },
    {
      "date": "2024-12-25",
      "name": "Christmas Day"
    },
    {
      "date": "2024-12-26",
      "name": "Second Day of Christmas"
    },
    {
      "date": "2025-01-01",
      "name": "New Year's Day"
    },
    {
      "date": "2025-02-16",
      "name": "Independence Day"
    },
    {
      "date": "2025-03-11",
      "name": "Restoration of Independence Day"
    },
    {
      "date": "2025-04-20",
      "name": "Easter Sunday"
    },
    {
      "date": "2025-04-21",
      "name": "Easter Monday"
    },
    {
      "date": "2025-05-01",
      "name": "Labour Day"
    },
    {
      "date": "2025-06-24",
      "name": "St. John's Day"
    },
    {
      "date": "2025-07-06",
      "name": "Statehood Day"
    },
    {
      "date": "2025-08-15",
      "name": "Assumption Day"
    },
    {
      "date": "2025-11-01",
      "name": "All Saints' Day"
    },
    {
      "date": "2025-12-24",
      "name": "Christmas Eve"
    },
    {
      "date": "2025-12-25",
      "name": "Christmas Day"
    },
    {
      "date": "2025-12-26",
      "name": "Second Day of Christmas"
    },
    {
      "date": "2026-01-01",
      "name": "New Year's Day"
    },
    {
      "date": "2026-02-16",
      "name": "Independence Day"
    },
    {
      "date": "2026-03-11",
      "name": "Restoration of Independence Day"
    },
    {
      "date": "2026-04-05",
      "name": "Easter Sunday"
    },
    {
      "date": "2026-04-06",
      "name": "Easter Monday"
    },
    {
      "date": "2026-05-01",
      "name": "Labour Day"
    },
    {
      "date": "2026-06-24",
      "name": "St. John's Day"
    },
    {
      "date": "2026-07-06",
      "name": "Statehood Day"
    },
    {
      "date": "2026-08-15",
      "name": "Assumption Day"
    },
    {
      "date": "2026-11-01",
      "name": "All Saints' Day"
    },
    {
      "date": "2026-12-24",
      "name": "Christmas Eve"
    },
    {
      "date": "2026-12-25",
      "name": "Christmas Day"
    },
    {
      "date": "2026-12-26",
      "name": "Second Day of Christmas"
    },
    {
      "date": "2027-01-01",
      "name": "New Year's Day"
    },
    {
      "date": "2027-02-16",
      "name": "Independence Day"
    },
    {
      "date": "2027-03-11",
      "name": "Restoration of Independence Day"
    },
    {
      "date": "2027-03-28",
      "name": "Easter Sunday"
    },
    {
      "date": "2027-03-29",
      "name": "Easter Monday"
    },
    {
      "date": "2027-05-01",
      "name": "Labour Day"
    },
    {
      "date": "2027-06-24",
      "name": "St. John's Day"
    },
    {
      "date": "2027-07-06",
      "name": "Statehood Day"
    },
    {
      "date": "2027-08-15",
      "name": "Assumption Day"
    },
    {
      "date": "2027-11-01",
      "name": "All Saints' Day"
    },
    {
      "date": "2027-12-24",
      "name": "Christmas Eve"
    },
    {
      "date": "2027-12-25",
      "name": "Christmas Day"
    },
    {
      "date": "2027-12-26",
      "name": "Second Day of Christmas"
    },
    {
      "date": "2028-01-01",
      "name": "New Year's Day"
    },
    {
      "date": "2028-02-16",
      "name": "Independence Day"
    },
    {
      "date": "2028-03-11",
      "name": "Restoration of Independence Day"
    },
    {
      "date": "2028-04-16",
      "name": "Easter Sunday"
    },
    {
      "date": "2028-04-17",
      "name": "Easter Monday"
    },
    {
      "date": "2028-05-01",
      "name": "Labour Day"
    },
    {
      "date": "2028-06-24",
      "name": "St. John's Day"
    },
    {
      "date": "2028-07-06",
      "name": "Statehood Day"
    },
    {
      "date": "2028-08-15",
      "name": "Assumption Day"
    },
    {
      "date": "2028-11-01",
      "name": "All Saints' Day"
    },
    {
      "date": "2028-12-24",
      "name": "Christmas Eve"
    },
    {
      "date": "2028-12-25",
      "name": "Christmas Day"
    },
    {
      "date": "2028-12-26",
      "name": "Second Day of Christmas"
    },
    {
      "date": "2029-01-01",
      "name": "New Year's Day"
    },
    {
      "date": "2029-02-16",
      "name": "Independence Day"
    },
    {
      "date": "2029-03-11",
      "name": "Restoration of Independence Day"
    },
    {
      "date": "2029-04-01",
      "name": "Easter Sunday"
    },
    {
      "date": "2029-04-02",
      "name": "Easter Monday"
    },
    {
      "date": "2029-05-01",
      "name": "Labour Day"
    },
    {
      "date": "2029-06-24",
      "name": "St. John's Day"
    },
    {
      "date": "2029-07-06",
      "name": "Statehood Day"
    },
    {
      "date": "2029-08-15",
      "name": "Assumption Day"
    },
    {
      "date": "2029-11-01",
      "name": "All Saints' Day"
    },
    {
      "date": "2029-12-24",
      "name": "Christmas Eve"
    },
    {
      "date": "2029-12-25",
      "name": "Christmas Day"
    },
    {
      "date": "2029-12-26",
      "name": "Second Day of Christmas"
    },
    {
      "date": "2030-01-01",
      "name": "New Year's Day"
    },
    {
      "date": "2030-02-16",
      "name": "Independence Day"
    },
    {
      "date": "2030-03-11",
      "name": "Restoration of Independence Day"
    },
    {
      "date": "2030-04-21",
      "name": "Easter Sunday"
    },
    {
      "date": "2030-04-22",
      "name": "Easter Monday"
    },
    {
      "date": "2030-05-01",
      "name": "Labour Day"
    },
    {
      "date": "2030-06-24",
      "name": "St. John's Day"
    },
    {
      "date": "2030-07-06",
      "name": "Statehood Day"
    },
    {
      "date": "2030-08-15",
      "name": "Assumption Day"
    },
    {
      "date": "2030-11-01",
      "name": "All Saints' Day"
    },
    {
      "date": "2030-12-24",
      "name": "Christmas Eve"
    },
    {
      "date": "2030-12-25",
      "name": "Christmas Day"
    },
    {
      "date": "2030-12-26",
      "name": "Second Day of Christmas"
    }
  ]
} 